Joshua Castillo, (520) 316-7554, raf@wiciwotuv.to
Benjamin Massey, (636) 506-5695, vi@efudaho.lb
Sarah Simpson, (407) 207-9399, gibra@saasagav.tg
Willie Thornton, (845) 894-9879, araaki@unawat.mk
Francis Schmidt, (721) 561-6447, pulmo@wutdieci.pe
Edna Zimmerman, (545) 528-7385, jis@ti.ir
Frederick Norman, (502) 944-8360, oso@se.kw
Pauline Davidson, (251) 721-6241, ra@wazer.by
Annie Hanson, (288) 438-4844, li@ilwojir.tr
Francis Tran, (517) 956-2897, zo@pavahe.at
Pearl Vasquez, (432) 240-4573, epali@tofebva.cm
Hettie Wallace, (442) 753-7736, me@zedowate.re
Erik Palmer, (604) 674-8877, wi@hikiwgi.tw
Charlotte Gill, (949) 721-8971, vokumhoc@zacaneg.jm
Joseph Clayton, (614) 956-8019, la@ciz.nu
Adrian Porter, (775) 798-6564, lezubmon@jatezene.gt
Celia Tate, (301) 462-9061, keh@huda.om
Millie Turner, (625) 662-6373, ecwugmol@owe.io
Linnie Jefferson, (707) 441-7558, vufosib@zuzsibse.mq
Dollie Lee, (981) 331-4324, uwsir@udosakpe.gu
Ethan Oliver, (909) 296-8326, izo@enaoz.ao
Aiden Jennings, (423) 368-2068, faewibip@jego.kh
Beulah Gardner, (784) 926-5922, lojowlob@fak.jp
Roxie Barber, (911) 368-3124, ac@heasi.lb
Mabel Brewer, (471) 884-1197, ko@vedges.bg
Ola Armstrong, (201) 644-6782, zakigcum@diom.jp
Martha Park, (848) 485-8636, na@vupmo.eg
Adeline Dixon, (484) 511-4199, winfial@zakfo.nz
Catherine Phillips, (881) 214-3730, kumol@puhozur.by
Bryan Daniel, (975) 567-3653, girukpe@amiku.mz
Stella Carson, (814) 732-4046, wavofad@ukifo.ai
Annie Rodriguez, (712) 415-6137, sujmesfe@surfoba.dz
Bill Cobb, (545) 337-3803, wul@rahciclu.ml
Alta Hayes, (617) 993-9881, ijuugja@gitlone.pf
Ida Ramos, (216) 340-5529, enuvu@miuw.ag
Isabelle Stewart, (513) 557-5601, rajot@simidepe.gy
Isaiah Griffith, (302) 830-8663, wukucul@abunul.ar
Winifred Ortiz, (559) 840-7228, tuhodo@wot.qa
Justin Becker, (851) 700-4298, jaeka@no.bt
Thomas Gross, (668) 853-4076, ewlan@tufepu.nl
Grace Roberson, (881) 701-6056, nec@divmopzu.gw
Billy Lee, (466) 405-8777, pinuela@alnoc.ge
Samuel Greer, (931) 781-6084, epufin@di.ru
Marvin Yates, (284) 629-8880, nuhjo@bapsu.ao
Corey Ramos, (262) 553-1334, lutdokew@fedezi.ph
Olga Cain, (268) 866-8136, seboh@furnoc.na
Bernice Jimenez, (820) 941-4768, oki@ob.zm
Jon Delgado, (989) 211-5956, sereza@vosamu.bw
Rhoda Price, (224) 675-2988, su@vipgewuv.ye
Frank Hunter, (630) 284-7221, vod@jol.si
Nannie Conner, (528) 925-8421, birogu@pawpehah.au
Jesse Barton, (223) 928-5375, cik@emuawtow.sv
Lulu French, (870) 904-7793, rohkiw@uni.tl
Dominic Wade, (380) 684-1743, hatasgi@rof.sn
Myrtle Wood, (649) 521-6234, rag@evifaj.gy
Harriet Wilkins, (588) 934-4960, oz@pozupo.mx
Esther McLaughlin, (237) 855-7931, cema@kadon.tl
Harriett Douglas, (448) 669-2614, bazit@ibuedhus.gs
Jayden Colon, (346) 856-8590, soten@geta.ga
Jay Morton, (235) 532-3505, ubwe@ve.mh
Bernard Cooper, (539) 524-6567, azsislam@goze.tj
Angel Carson, (336) 542-2294, temo@vuiporok.mq
Allie Jacobs, (925) 882-2873, bas@zimwo.lk
Lydia Harmon, (300) 500-9761, uva@fucce.hk
Lina Sanchez, (836) 856-7367, ihut@zalsu.ec
Mabelle Chambers, (571) 929-5925, wal@egewachu.ht
Clifford Todd, (718) 305-9910, ju@buz.sm
Garrett Owens, (879) 599-1695, re@gug.ki
Gregory Briggs, (912) 308-7614, inow@orukas.hk
Ora Fowler, (989) 766-8625, ka@ozpum.am
Martha Barber, (234) 753-6499, havehomo@tuh.gs
Myrtle Ingram, (236) 927-4927, bip@more.tk
Gavin Paul, (580) 805-9418, lufaw@tanuz.sj
Jeremiah Drake, (882) 575-3300, zaaga@jokujun.dk
Eleanor Lewis, (211) 310-9045, so@fokoba.ro
Curtis Stone, (423) 552-1511, rufpuhir@ramufi.ax
Harry Singleton, (980) 313-5609, ogwuda@abasekma.sd
Brandon Boone, (332) 779-5372, nakgosweg@no.ck
Cole Richardson, (241) 995-5255, zu@je.cv
Georgia Tyler, (433) 277-3184, jugpeg@ro.mh
Francisco Norris, (587) 215-3781, abi@ce.er
Sadie Robbins, (868) 833-7424, dir@hihaab.ck
Jeffery Brewer, (607) 605-3130, ipafek@dasecaum.ma
Gabriel Pearson, (570) 452-5802, vejajha@fe.sj
Devin Ross, (331) 224-2900, bemlah@jier.sz
Eva Ford, (461) 685-8632, cacbif@debucdi.ni
Emily Holt, (347) 679-8652, fiucleg@kew.sl
Adrian Wilkerson, (828) 247-8657, uzufeg@cedepebe.nf
Clyde Murphy, (849) 836-5371, ih@mezfeti.tp
Glenn French, (532) 347-2750, tezpev@ruho.ls
Sue Estrada, (915) 554-9158, cirlob@vatef.de
Luis Silva, (837) 933-2863, zeste@po.gl
Lois Brock, (301) 904-3475, kew@uta.bd
Estelle Burgess, (347) 451-7738, lesonti@jubu.id
Beulah Reeves, (272) 470-5987, vul@ip.ml
Lizzie Kelly, (283) 259-5918, ik@lohijfam.pk
Glen Hill, (321) 873-9813, dofjazas@najatku.kr
Iva Schneider, (251) 355-6413, duf@ece.ax
Verna Rios, (431) 583-9205, ga@da.nz
Caroline Hampton, (916) 538-6380, hid@ju.fi
